{
    "preguntas": [
      {
        "pregunta": "¿Cuál es la capital de Francia?",
        "respuestas": ["París", "Londres", "Madrid", "Berlín"],
        "respuesta_correcta": "París"
      },
      {
        "pregunta": "¿Cuántos continentes hay en el mundo?",
        "respuestas": ["4", "6", "7", "5"],
        "respuesta_correcta": "7"
      },
      {
        "pregunta": "¿A qué país pertenece la isla de Java?",
        "respuestas": ["Taiwán", "India", "Chile", "Indonesia"],
        "respuesta_correcta": "Indonesia"
      },
      {
        "pregunta": "'¿A qué país pertenecen las Islas Malvinas?",
        "respuestas": ["Argentina", "Inglaterra", "Uruguay", "Bolivia"],
        "respuesta_correcta": "Inglaterra"
      },
      {
        "pregunta":"¿Cuántas regiones tiene Chile",
        "respuestas":["16","15","13","11"],
        "respuesta_correcta":"16"
      }
    ]
  }
  