{
    "preguntas": [
      {
        "pregunta": "¿En qué año se estrenó `Los Vengadores?`",
        "respuestas": ["2010", "2013", "2012", "2011"],
        "respuesta_correcta": "2012"
      },
      {
        "pregunta": "¿Cómo se llamaba el ratón de la pelicua `Milagros Inesperados`?",
        "respuestas": ["Señor ratón", "Señor Jingles", "Maus", "Mickey"],
        "respuesta_correcta": "Señor Jingles"
      },
      {
        "pregunta": "¿Quién interpreta a Saruman el Blanco en la película de Èl señor de los anillos`?",
        "respuestas": ["Christopher Lee", "Ian McKellen", "Pedro Pascal", "Pirinoli"],
        "respuesta_correcta": "Christopher Lee"
      },
      {
        "pregunta": "¿En qué año fue a parar Marty Mcfly en `Volver al Futuro`?",
        "respuestas": ["2015", "1885", "1958", "1955"],
        "respuesta_correcta": "1955"
      },
      {
        "pregunta":"¿Quién es el protagonista de la película `El hombre de acero?",
        "respuestas":["Ironman","Superman","Martha","Un hombre de acero"],
        "respuesta_correcta":"Superman"
      }
    ]
  }
  