{
    "preguntas": [
      {
        "pregunta": "¿Cuánto es el coseno de 0?",
        "respuestas": ["3°", "90", "1°", "180°"],
        "respuesta_correcta": "1°"
      },
      {
        "pregunta": "¿Cuánto es 500%3?",
        "respuestas": ["170", "160,7", "150,5", "166,6"],
        "respuesta_correcta": "166,6"
      },
      {
        "pregunta": "¿Cuánto es la derivada de X?",
        "respuestas": ["X", "X^2", "1", "-X"],
        "respuesta_correcta": "1"
      },
      {
        "pregunta": "'¿Quién creó el teorema de Pitágoras?",
        "respuestas": ["Arquímedes", "Pitágoras", "Sócrates", "Kratos"],
        "respuesta_correcta": "Pitágoras"
      },
      {
        "pregunta":"¿Cuánto es 0/0",
        "respuestas":["1","0","-0","NaN"],
        "respuesta_correcta":"NaN"
      }
    ]
  }
  